三级类目,时间,首次入库时间,浏览量,访客量,平均停留时长(秒),成交商品件数
生活健康,2024-01-01,2023-06-01,787.0,862.0,255.68462889999998,143
艺术设计,2024-01-01,2023-06-02,7491.0,620.0,265.0211243,1
生活健康,2024-01-02,2023-06-03,6788.0,1786.0,293.8578589,185
经济管理,2024-01-03,2023-06-04,9549.0,1971.0,275.0353448,129
科技计算机,2024-01-03,2023-06-05,1200.0,387.0,303.50783039999993,4
经济管理,2024-01-04,2023-06-06,6185.0,745.0,214.08354309999999,119
生活健康,2024-01-05,2023-06-07,3017.0,1876.0,277.4742208,178
历史传记,2024-01-06,2023-06-09,2851.0,989.0,248.7442881,30
少儿绘本,2024-01-06,2023-06-10,9513.0,714.0,315.76320360000005,17
经济管理,2024-01-07,2023-06-11,9766.0,833.0,377.72876010000004,135
少儿绘本,2024-01-08,2023-06-12,,363.0,152.2139583,27
历史传记,2024-01-09,2023-06-13,8523.0,1370.0,309.97791780000006,169
生活健康,2024-01-09,2023-06-14,9717.0,349.0,360.8269323,151
历史传记,2024-01-10,2023-06-16,9207.0,1695.0,19.99950561,176
文学小说,2024-01-11,2023-06-17,,709.0,317.09130580000004,158
历史传记,2024-01-11,2023-06-18,1426.0,620.0,151.18301519999997,190
生活健康,2024-01-12,2023-06-19,7654.0,1781.0,248.67774330000003,124
历史传记,2024-01-13,2023-06-20,3221.0,934.0,497.65279580000004,193
文学小说,2024-01-14,2023-06-21,2657.0,1361.0,202.4790021,154
生活健康,2024-01-14,2023-06-23,5716.0,1317.0,295.097985,108
文学小说,2024-01-15,2023-06-24,6646.0,389.0,24.59728066,175
历史传记,2024-01-16,2023-06-25,4107.0,344.0,192.1630181,82
少儿绘本,2024-01-17,2023-06-26,1022.0,448.0,387.43544489999994,93
生活健康,2024-01-17,2023-06-27,3406.0,451.0,195.945447,189
艺术设计,2024-01-18,2023-06-28,5846.0,1784.0,131.42052859999998,83
科技计算机,2024-01-19,2023-06-30,4301.0,1273.0,181.4868511,73
文学小说,2024-01-20,2023-07-01,4691.0,846.0,573.083201,137
文学小说,2024-01-20,2023-07-02,3765.0,505.0,61.21307513,148
科技计算机,2024-01-21,2023-07-03,4856.0,178.0,283.3810805,74
历史传记,2024-01-22,2023-07-04,9086.0,412.0,44.44827316,170
少儿绘本,2024-01-22,2023-07-05,4063.0,167.0,327.80836239999996,156
经济管理,2024-01-23,2023-07-06,8587.0,262.0,96.16108482,184
科技计算机,2024-01-24,2023-07-08,3992.0,280.0,384.1100351,87
经济管理,2024-01-25,2023-07-09,9011.0,94.0,165.99450290000001,18
科技计算机,2024-01-25,2023-07-10,2274.0,627.0,417.6400795,83
文学小说,2024-01-26,2023-07-11,4460.0,1363.0,214.81617519999998,154
艺术设计,2024-01-27,2023-07-12,2146.0,454.0,12.45940828,161
文学小说,2024-01-28,2023-07-13,1382.0,225.0,183.9878783,61
历史传记,2024-01-28,2023-07-15,2971.0,210.0,58.31771904,64
少儿绘本,2024-01-29,2023-07-16,280.0,1961.0,302.07338260000006,107
科技计算机,2024-01-30,2023-07-17,2919.0,152.0,180.4451405,53
科技计算机,2024-01-30,2023-07-18,3467.0,1625.0,387.5952026,69
科技计算机,2024-01-31,2023-07-19,2980.0,1272.0,304.962209,70
生活健康,2024-02-01,2023-07-20,5425.0,1600.0,31.26646303,196
历史传记,2024-02-02,2023-07-22,8106.0,506.0,197.9940013,25
艺术设计,2024-02-02,2023-07-23,6273.0,719.0,298.5449225,77
生活健康,2024-02-03,2023-07-24,6282.0,1885.0,347.6002671,28
生活健康,2024-02-04,2023-07-25,7987.0,676.0,71.87406342,199
少儿绘本,2024-02-05,2023-07-26,8324.0,1768.0,393.48306139999994,184
经济管理,2024-02-05,2023-07-27,8800.0,301.0,212.7816299,196
历史传记,2024-02-06,2023-07-29,8726.0,1574.0,,133
科技计算机,2024-02-07,2023-07-30,9939.0,1090.0,485.1427461,45
文学小说,2024-02-08,2023-07-31,2583.0,1434.0,50.48779826,12
少儿绘本,2024-02-08,2023-08-01,6957.0,1889.0,558.5642134999999,17
经济管理,2024-02-09,2023-08-02,7195.0,1926.0,426.6970345,104
艺术设计,2024-02-10,2023-08-03,1749.0,1972.0,290.598702,49
文学小说,2024-02-10,2023-08-04,,1494.0,16.58492208,166
少儿绘本,2024-02-11,2023-08-06,3960.0,322.0,240.1739335,53
经济管理,2024-02-12,2023-08-07,2678.0,642.0,391.021064,155
经济管理,2024-02-13,2023-08-08,3232.0,1575.0,516.7587278,178
经济管理,2024-02-13,2023-08-09,8735.0,1788.0,374.4807565,88
生活健康,2024-02-14,2023-08-10,4831.0,251.0,244.6473785,76
艺术设计,2024-02-15,2023-08-11,7736.0,1778.0,273.94203819999996,144
经济管理,2024-02-16,2023-08-13,5116.0,251.0,525.2442428,179
科技计算机,2024-02-16,2023-08-14,7799.0,1610.0,217.30081260000003,38
少儿绘本,2024-02-17,2023-08-15,2301.0,577.0,48.44298319,119
少儿绘本,2024-02-18,2023-08-16,226.0,744.0,271.1768085,139
艺术设计,2024-02-19,2023-08-17,2123.0,1644.0,599.0908843,14
科技计算机,2024-02-19,2023-08-18,9299.0,1175.0,234.065989,153
生活健康,2024-02-20,2023-08-20,7339.0,295.0,123.9022828,118
科技计算机,2024-02-21,2023-08-21,1624.0,1873.0,36.62678059,4
生活健康,2024-02-21,2023-08-22,8385.0,1264.0,110.87164070000001,37
艺术设计,2024-02-22,2023-08-23,6492.0,101.0,201.1979986,42
少儿绘本,2024-02-23,2023-08-24,4596.0,1354.0,348.82421789999995,122
经济管理,2024-02-24,2023-08-25,6418.0,446.0,402.6971653,18
文学小说,2024-02-24,2023-08-27,291.0,1436.0,35.26316528,11
生活健康,2024-02-25,2023-08-28,8705.0,1665.0,562.3462609000001,160
生活健康,2024-02-26,2023-08-29,7822.0,1443.0,149.0266235,55
科技计算机,2024-02-27,2023-08-30,9550.0,922.0,97.94658452,145
少儿绘本,2024-02-27,2023-08-31,9843.0,1413.0,323.18936610000003,14
生活健康,2024-02-28,2023-09-01,6362.0,589.0,409.7756332,70
历史传记,2024-02-29,2023-09-02,3431.0,1261.0,191.2791457,196
少儿绘本,2024-02-29,2023-09-04,645.0,1081.0,404.9703191,124
经济管理,2024-03-01,2023-09-05,4961.0,1578.0,183.6333733,55
艺术设计,2024-03-02,2023-09-06,5510.0,464.0,542.2811968999999,112
历史传记,2024-03-03,2023-09-07,7331.0,1293.0,529.6098949,65
经济管理,2024-03-03,2023-09-08,368.0,1550.0,52.00468228,171
科技计算机,2024-03-04,2023-09-09,9166.0,1691.0,98.73748692,174
文学小说,2024-03-05,2023-09-11,638.0,367.0,421.85462479999995,29
历史传记,2024-03-06,2023-09-12,555.0,1686.0,10.07085988,181
科技计算机,2024-03-06,2023-09-13,1036.0,1837.0,494.8700329,177
经济管理,2024-03-07,2023-09-14,3981.0,1029.0,220.18148939999998,189
历史传记,2024-03-08,2023-09-15,9216.0,1014.0,449.3257379,101
历史传记,2024-03-09,2023-09-16,1358.0,1164.0,36.09995204,192
少儿绘本,2024-03-09,2023-09-18,8472.0,662.0,133.4660133,187
科技计算机,2024-03-10,2023-09-19,7048.0,1366.0,51.77505596,44
艺术设计,2024-03-11,2023-09-20,7627.0,1104.0,116.09603909999998,9
历史传记,2024-03-11,2023-09-21,3661.0,1234.0,236.808527,170
文学小说,2024-03-12,2023-09-22,7199.0,1825.0,300.01556850000003,154
文学小说,2024-03-13,2023-09-23,813.0,1681.0,550.4939025,104
少儿绘本,2024-03-14,2023-09-25,7410.0,898.0,380.03267180000006,159
历史传记,2024-03-14,2023-09-26,6021.0,988.0,426.82309019999997,91
生活健康,2024-03-15,2023-09-27,5945.0,1864.0,58.44529924,128
少儿绘本,2024-03-16,2023-09-28,4204.0,1057.0,179.204382,53
少儿绘本,2024-03-17,2023-09-29,8058.0,90.0,595.1218286000001,53
少儿绘本,2024-03-17,2023-09-30,5650.0,1302.0,340.649158,150
艺术设计,2024-03-18,2023-10-01,1218.0,1836.0,474.81228569999996,63
历史传记,2024-03-19,2023-10-03,5085.0,938.0,29.16465494,74
历史传记,2024-03-19,2023-10-04,,1666.0,59.60496634,197
经济管理,2024-03-20,2023-10-05,,1697.0,,49
少儿绘本,2024-03-21,2023-10-06,2355.0,1603.0,19.01864816,101
少儿绘本,2024-03-22,2023-10-07,160.0,,553.9675915,138
少儿绘本,2024-03-22,2023-10-08,3966.0,1069.0,159.6448188,185
少儿绘本,2024-03-23,2023-10-10,2595.0,1985.0,597.9757874,182
文学小说,2024-03-24,2023-10-11,8136.0,174.0,445.4966118,97
生活健康,2024-03-25,2023-10-12,4601.0,1353.0,157.8603662,198
生活健康,2024-03-25,2023-10-13,4792.0,1560.0,595.1647351,44
历史传记,2024-03-26,2023-10-14,7970.0,1780.0,522.4349758999999,49
生活健康,2024-03-27,2023-10-15,3456.0,958.0,107.34882320000001,98
生活健康,2024-03-28,2023-10-17,1702.0,1880.0,119.33992759999998,148
少儿绘本,2024-03-28,2023-10-18,3896.0,1094.0,411.3098235,2
历史传记,2024-03-29,2023-10-19,516.0,622.0,56.185344900000004,152
生活健康,2024-03-30,2023-10-20,6803.0,,354.8696688,82
科技计算机,2024-03-30,2023-10-21,4554.0,1793.0,49.29572554,10
生活健康,2024-03-31,2023-10-22,2956.0,1357.0,140.56558769999998,160
少儿绘本,2024-04-01,2023-10-24,9438.0,1142.0,569.5795724999999,76
生活健康,2024-04-02,2023-10-25,6892.0,441.0,304.157266,127
历史传记,2024-04-02,2023-10-26,2633.0,1472.0,348.490652,66
艺术设计,2024-04-03,2023-10-27,4410.0,1575.0,169.1131339,5
生活健康,2024-04-04,2023-10-28,1658.0,250.0,269.6363706,96
经济管理,2024-04-05,2023-10-29,,1987.0,88.47141958,91
少儿绘本,2024-04-05,2023-10-31,1539.0,581.0,314.80362310000004,75
科技计算机,2024-04-06,2023-11-01,2180.0,277.0,41.83391775,92
少儿绘本,2024-04-07,2023-11-02,5407.0,1758.0,38.46712745,188
历史传记,2024-04-08,2023-11-03,5100.0,1132.0,410.9921664,96
艺术设计,2024-04-08,2023-11-04,1204.0,797.0,42.43915018,141
文学小说,2024-04-09,2023-11-05,681.0,1739.0,317.5574689,93
艺术设计,2024-04-10,2023-11-06,9948.0,983.0,166.95563159999998,59
文学小说,2024-04-10,2023-11-08,6984.0,1975.0,120.7394264,174
艺术设计,2024-04-11,2023-11-09,6184.0,52.0,348.25814510000004,25
生活健康,2024-04-12,2023-11-10,5357.0,966.0,184.91334540000003,184
生活健康,2024-04-13,2023-11-11,4043.0,1544.0,279.2656011,81
少儿绘本,2024-04-13,2023-11-12,8579.0,1675.0,91.99456484,110
文学小说,2024-04-14,2023-11-13,9730.0,866.0,84.62655619,148
历史传记,2024-04-15,2023-11-15,6057.0,555.0,72.85207156,37
艺术设计,2024-04-16,2023-11-16,921.0,839.0,52.22046634,31
历史传记,2024-04-16,2023-11-17,8326.0,133.0,336.691094,6
文学小说,2024-04-17,2023-11-18,5473.0,478.0,456.04324,90
少儿绘本,2024-04-18,2023-11-19,1889.0,1359.0,477.4964546,121
艺术设计,2024-04-18,2023-11-20,7803.0,1489.0,575.1284368,91
历史传记,2024-04-19,2023-11-22,2497.0,417.0,109.3514925,15
少儿绘本,2024-04-20,2023-11-23,429.0,819.0,90.01518279,90
科技计算机,2024-04-21,2023-11-24,2984.0,993.0,287.2733198,71
生活健康,2024-04-21,2023-11-25,9698.0,,517.9944401,166
艺术设计,2024-04-22,2023-11-26,3808.0,1880.0,462.5708716,91
生活健康,2024-04-23,2023-11-27,862.0,1943.0,339.3250838,131
科技计算机,2024-04-24,2023-11-29,489.0,1359.0,102.5021267,47
历史传记,2024-04-24,2023-11-30,4702.0,1745.0,240.84491580000002,128
科技计算机,2024-04-25,2023-12-01,1607.0,844.0,434.41400819999996,18
生活健康,2024-04-26,2023-12-02,5671.0,573.0,230.3134841,140
科技计算机,2024-04-27,2023-12-03,2841.0,520.0,33.08041666,177
少儿绘本,2024-04-27,2023-12-04,,1920.0,354.491537,132
科技计算机,2024-04-28,2023-12-05,5146.0,1261.0,434.87940199999997,18
少儿绘本,2024-04-29,2023-12-07,5115.0,1684.0,431.7151801,21
生活健康,2024-04-29,2023-12-08,5594.0,,107.2708447,87
文学小说,2024-04-30,2023-12-09,9154.0,355.0,208.2350377,87
生活健康,2024-05-01,2023-12-10,4409.0,1308.0,251.4116525,14
艺术设计,2024-05-02,2023-12-11,5643.0,1012.0,258.0840335,53
科技计算机,2024-05-02,2023-12-12,803.0,1920.0,77.35350881,67
科技计算机,2024-05-03,2023-12-14,9786.0,630.0,237.4636031,151
科技计算机,2024-05-04,2023-12-15,8018.0,653.0,308.9129901,143
科技计算机,2024-05-05,2023-12-16,2269.0,,429.2307965,37
文学小说,2024-05-05,2023-12-17,2893.0,1723.0,345.97413639999996,198
文学小说,2024-05-06,2023-12-18,5751.0,1759.0,248.9090306,167
历史传记,2024-05-07,2023-12-19,722.0,1460.0,557.282444,117
文学小说,2024-05-08,2023-12-21,7401.0,227.0,362.8693043,189
文学小说,2024-05-08,2023-12-22,5335.0,1880.0,585.1266214,136
科技计算机,2024-05-09,2023-12-23,7361.0,791.0,521.7520502,145
经济管理,2024-05-10,2023-12-24,6875.0,149.0,407.4394,28
经济管理,2024-05-10,2023-12-25,8148.0,989.0,540.5949623,63
艺术设计,2024-05-11,2023-12-26,5963.0,1907.0,594.8314101,87
艺术设计,2024-05-12,2023-12-28,8038.0,231.0,140.3175875,145
文学小说,2024-05-13,2023-12-29,8969.0,1802.0,417.7233467,197
生活健康,2024-05-13,2023-12-30,5284.0,1239.0,552.0797739,146
生活健康,2024-05-14,2023-12-31,8374.0,719.0,20.26609441,187
历史传记,2024-05-15,2024-01-01,2441.0,1071.0,481.698508,52
生活健康,2024-05-16,2024-01-02,3455.0,1399.0,62.74774044,92
生活健康,2024-05-16,2024-01-03,2066.0,768.0,550.7670355,113
文学小说,2024-05-17,2024-01-05,5741.0,1734.0,371.08789029999997,149
经济管理,2024-05-18,2024-01-06,9659.0,107.0,105.62096880000001,108
科技计算机,2024-05-18,2024-01-07,9200.0,133.0,33.25199887,194
科技计算机,2024-05-19,2024-01-08,441.0,446.0,498.41467539999996,53
历史传记,2024-05-20,2024-01-09,8837.0,1660.0,92.30024516,167
经济管理,2024-05-21,2024-01-10,6140.0,117.0,564.3294106000001,121
少儿绘本,2024-05-21,2024-01-12,4858.0,742.0,63.61050145,152
历史传记,2024-05-22,2024-01-13,8524.0,1491.0,504.4073053999999,137
艺术设计,2024-05-23,2024-01-14,5995.0,1535.0,259.88420049999996,182
科技计算机,2024-05-24,2024-01-15,5905.0,1260.0,524.913855,25
少儿绘本,2024-05-24,2024-01-16,3413.0,1899.0,463.4588027,73
历史传记,2024-05-25,2024-01-17,4985.0,215.0,513.2005466,24
历史传记,2024-05-26,2024-01-19,9978.0,1195.0,287.4428345,143
生活健康,2024-05-27,2024-01-20,2580.0,957.0,431.1233069,23
文学小说,2024-05-27,2024-01-21,4951.0,255.0,198.0138797,146
历史传记,2024-05-28,2024-01-22,3807.0,105.0,37.83222801,94
少儿绘本,2024-05-29,2024-01-23,790.0,1841.0,147.1160654,9
历史传记,2024-05-29,2024-01-24,4735.0,1471.0,10.80336707,119
文学小说,2024-05-30,2024-01-26,9165.0,394.0,224.18661200000003,122
生活健康,2024-05-31,2024-01-27,7552.0,324.0,301.3590138,92
艺术设计,2024-06-01,2024-01-28,2078.0,173.0,21.450181699999998,90
历史传记,2024-06-01,2024-01-29,5979.0,1706.0,14.56059098,139
经济管理,2024-06-02,2024-01-30,9161.0,1155.0,415.01350539999993,175
艺术设计,2024-06-03,2024-01-31,2857.0,808.0,69.2571467,12
经济管理,2024-06-04,2024-02-01,8113.0,1580.0,53.56884867,29
经济管理,2024-06-04,2024-02-03,596.0,290.0,302.40292339999996,182
生活健康,2024-06-05,2024-02-04,7777.0,1405.0,433.7139927,167
艺术设计,2024-06-06,2024-02-05,6143.0,1969.0,586.5274908,10
历史传记,2024-06-06,2024-02-06,3117.0,628.0,184.2844071,100
少儿绘本,2024-06-07,2024-02-07,3793.0,1814.0,79.33560465,6
经济管理,2024-06-08,2024-02-08,530.0,890.0,50.43658458,177
少儿绘本,2024-06-09,2024-02-10,1639.0,654.0,132.43131100000002,97
生活健康,2024-06-09,2024-02-11,7739.0,77.0,69.03224766,11
生活健康,2024-06-10,2024-02-12,4561.0,294.0,11.99677323,165
历史传记,2024-06-11,2024-02-13,3235.0,1799.0,178.1934784,151
历史传记,2024-06-12,2024-02-14,8286.0,946.0,106.88206140000001,83
生活健康,2024-06-12,2024-02-15,6528.0,957.0,20.76744224,69
少儿绘本,2024-06-13,2024-02-17,3266.0,1141.0,219.2328702,114
少儿绘本,2024-06-14,2024-02-18,9234.0,1545.0,497.29031430000003,15
经济管理,2024-06-15,2024-02-19,3158.0,1520.0,189.160294,99
科技计算机,2024-06-15,2024-02-20,6770.0,1518.0,428.95884450000005,192
文学小说,2024-06-16,2024-02-21,9156.0,1460.0,439.9536191000001,58
少儿绘本,2024-06-17,2024-02-22,3413.0,951.0,25.07831358,173
经济管理,2024-06-17,2024-02-24,299.0,1714.0,577.4532107000001,144
少儿绘本,2024-06-18,2024-02-25,5321.0,1794.0,92.01554186,54
艺术设计,2024-06-19,2024-02-26,8655.0,1716.0,433.3043437,111
经济管理,2024-06-20,2024-02-27,994.0,1252.0,233.87144959999998,163
经济管理,2024-06-20,2024-02-28,1769.0,52.0,522.2513002000001,14
少儿绘本,2024-06-21,2024-02-29,6731.0,937.0,597.0270068,54
历史传记,2024-06-22,2024-03-01,4026.0,698.0,124.0605507,92
少儿绘本,2024-06-23,2024-03-03,725.0,195.0,493.4788146000001,172
历史传记,2024-06-23,2024-03-04,,658.0,308.2467391,72
生活健康,2024-06-24,2024-03-05,7506.0,1355.0,579.6043279,90
少儿绘本,2024-06-25,2024-03-06,7750.0,553.0,398.2725085,171
少儿绘本,2024-06-26,2024-03-07,2429.0,711.0,360.010362,23
少儿绘本,2024-06-26,2024-03-08,,1581.0,145.4188341,72
生活健康,2024-06-27,2024-03-10,122.0,1834.0,434.03303789999995,1
艺术设计,2024-06-28,2024-03-11,3219.0,1522.0,180.0387594,68
少儿绘本,2024-06-28,2024-03-12,3665.0,1924.0,508.9975815,52
生活健康,2024-06-29,2024-03-13,7906.0,375.0,586.5855589,47
文学小说,2024-06-30,2024-03-14,605.0,1483.0,14.59785907,91
文学小说,2024-07-01,2024-03-15,8314.0,1030.0,573.2335182999999,77
科技计算机,2024-07-01,2024-03-17,2723.0,879.0,221.491573,18
科技计算机,2024-07-02,2024-03-18,8363.0,886.0,298.10625089999996,197
艺术设计,2024-07-03,2024-03-19,3569.0,771.0,555.2104531,172
文学小说,2024-07-04,2024-03-20,3551.0,1201.0,467.8150363,48
文学小说,2024-07-04,2024-03-21,5073.0,1054.0,153.50126799999998,146
科技计算机,2024-07-05,2024-03-22,7345.0,576.0,67.14308595,149
历史传记,2024-07-06,2024-03-24,9693.0,965.0,506.3234744,65
经济管理,2024-07-06,2024-03-25,8295.0,353.0,450.76547819999996,21
艺术设计,2024-07-07,2024-03-26,6971.0,1584.0,516.4202597,27
历史传记,2024-07-08,2024-03-27,6486.0,461.0,236.5843838,160
艺术设计,2024-07-09,2024-03-28,6087.0,746.0,300.3470893,121
科技计算机,2024-07-09,2024-03-29,6771.0,726.0,284.36099049999996,123
历史传记,2024-07-10,2024-03-31,2174.0,1892.0,195.6857856,121
少儿绘本,2024-07-11,2024-04-01,6228.0,634.0,208.046703,148
科技计算机,2024-07-12,2024-04-02,4519.0,1803.0,434.0030629,174
经济管理,2024-07-12,2024-04-03,7282.0,69.0,454.3119648,193
经济管理,2024-07-13,2024-04-04,6255.0,1308.0,519.673852,20
科技计算机,2024-07-14,2024-04-05,170.0,1720.0,508.4922025,158
少儿绘本,2024-07-15,2024-04-06,839.0,1252.0,454.82324919999996,196
文学小说,2024-07-15,2024-04-08,1531.0,107.0,206.3389125,146
少儿绘本,2024-07-16,2024-04-09,7849.0,58.0,428.9273393,71
少儿绘本,2024-07-17,2024-04-10,2259.0,82.0,583.8484503,144
经济管理,2024-07-17,2024-04-11,1292.0,1799.0,550.5815498,33
艺术设计,2024-07-18,2024-04-12,6815.0,498.0,583.1777586000001,120
历史传记,2024-07-19,2024-04-13,592.0,1209.0,31.36243677,164
艺术设计,2024-07-20,2024-04-15,3458.0,1123.0,370.84349080000004,18
历史传记,2024-07-20,2024-04-16,6303.0,936.0,137.0523116,155
历史传记,2024-07-21,2024-04-17,561.0,1811.0,155.47024330000002,87
经济管理,2024-07-22,2024-04-18,,865.0,507.9959358,139
经济管理,2024-07-23,2024-04-19,4533.0,112.0,452.6130911,123
艺术设计,2024-07-23,2024-04-20,6513.0,1048.0,203.99342719999999,37
经济管理,2024-07-24,2024-04-22,7766.0,1710.0,316.75006460000003,171
文学小说,2024-07-25,2024-04-23,1835.0,138.0,121.1146275,198
艺术设计,2024-07-26,2024-04-24,6480.0,1426.0,12.25805024,22
文学小说,2024-07-26,2024-04-25,6096.0,506.0,540.9752831000001,161
历史传记,2024-07-27,2024-04-26,4303.0,1961.0,428.68896839999996,108
少儿绘本,2024-07-28,2024-04-27,7935.0,1565.0,322.0028837,95
少儿绘本,2024-07-28,2024-04-29,117.0,541.0,41.91832891,139
少儿绘本,2024-07-29,2024-04-30,6300.0,1314.0,258.2957047,32
历史传记,2024-07-30,2024-05-01,1805.0,1282.0,234.2247216,125
生活健康,2024-07-31,2024-05-02,1263.0,426.0,111.2127279,134
少儿绘本,2024-07-31,2024-05-03,6663.0,1916.0,102.1510845,27
历史传记,2024-08-01,2024-05-04,7343.0,132.0,112.1749004,13
经济管理,2024-08-02,2024-05-05,7102.0,1671.0,362.13300150000003,197
科技计算机,2024-08-03,2024-05-07,372.0,314.0,83.57533159,171
生活健康,2024-08-03,2024-05-08,4366.0,443.0,150.7440614,130
艺术设计,2024-08-04,2024-05-09,5311.0,1290.0,568.3005868,51
历史传记,2024-08-05,2024-05-10,3449.0,1734.0,139.4824528,194
文学小说,2024-08-05,2024-05-11,4899.0,1788.0,460.67539189999997,182
历史传记,2024-08-06,2024-05-12,3565.0,1605.0,362.84360560000005,99
科技计算机,2024-08-07,2024-05-14,2479.0,1981.0,253.7625176,174
经济管理,2024-08-08,2024-05-15,1570.0,1304.0,361.2186772,71
文学小说,2024-08-08,2024-05-16,8782.0,995.0,88.83581765,11
艺术设计,2024-08-09,2024-05-17,6713.0,512.0,295.6708539,188
历史传记,2024-08-10,2024-05-18,4117.0,,583.5587673,164
经济管理,2024-08-11,2024-05-19,6323.0,1474.0,262.35528089999997,8
科技计算机,2024-08-11,2024-05-21,2044.0,1898.0,153.2999342,155
科技计算机,2024-08-12,2024-05-22,1156.0,374.0,557.2290596,172
科技计算机,2024-08-13,2024-05-23,860.0,128.0,370.35684879999997,27
少儿绘本,2024-08-14,2024-05-24,9906.0,273.0,439.43577419999997,46
少儿绘本,2024-08-14,2024-05-25,2292.0,1837.0,330.60872850000004,199
历史传记,2024-08-15,2024-05-26,6670.0,1953.0,16.60918592,175
科技计算机,2024-08-16,2024-05-28,2589.0,1764.0,455.86306510000003,114
艺术设计,2024-08-16,2024-05-29,3318.0,628.0,587.4313338,131
文学小说,2024-08-17,2024-05-30,1493.0,692.0,432.55068839999996,46
艺术设计,2024-08-18,2024-05-31,4534.0,1792.0,487.16684860000004,6
生活健康,2024-08-19,2024-06-01,2743.0,225.0,512.4361349999999,128
生活健康,2024-08-19,2024-06-02,3940.0,145.0,599.5287449,59
生活健康,2024-08-20,2024-06-03,5434.0,889.0,180.28196440000002,146
科技计算机,2024-08-21,2024-06-05,1779.0,1719.0,275.1366735,193
艺术设计,2024-08-22,2024-06-06,1787.0,1078.0,330.26739310000005,3
文学小说,2024-08-22,2024-06-07,2339.0,1952.0,99.94885964,195
文学小说,2024-08-23,2024-06-08,6941.0,1601.0,293.77584029999997,21
生活健康,2024-08-24,2024-06-09,6344.0,,173.4187232,130
文学小说,2024-08-24,2024-06-10,5155.0,1126.0,503.7900868,103
生活健康,2024-08-25,2024-06-12,6412.0,1858.0,214.7675227,73
历史传记,2024-08-26,2024-06-13,3395.0,856.0,58.19395065,139
文学小说,2024-08-27,2024-06-14,5661.0,1974.0,15.95039716,40
生活健康,2024-08-27,2024-06-15,5088.0,649.0,517.7206577,139
生活健康,2024-08-28,2024-06-16,3867.0,1932.0,516.7189711,142
科技计算机,2024-08-29,2024-06-17,9074.0,330.0,561.1123363,106
少儿绘本,2024-08-30,2024-06-19,2004.0,1606.0,52.80186445,95
经济管理,2024-08-30,2024-06-20,9711.0,1695.0,242.90760299999997,129
艺术设计,2024-08-31,2024-06-21,,185.0,262.6344267,41
科技计算机,2024-09-01,2024-06-22,5459.0,1759.0,517.9214326,21
艺术设计,2024-09-02,2024-06-23,2877.0,1107.0,164.2380316,82
文学小说,2024-09-02,2024-06-24,3103.0,1024.0,188.3005948,19
历史传记,2024-09-03,2024-06-26,3971.0,340.0,442.30908880000004,112
经济管理,2024-09-04,2024-06-27,2271.0,331.0,116.2309695,56
经济管理,2024-09-04,2024-06-28,1297.0,1941.0,384.8711533,172
经济管理,2024-09-05,2024-06-29,9433.0,1555.0,447.90344860000005,72
经济管理,2024-09-06,2024-06-30,7322.0,852.0,116.46754479999998,5
少儿绘本,2024-09-07,2024-07-01,9080.0,1576.0,140.94741299999998,57
经济管理,2024-09-07,2024-07-02,5045.0,1510.0,422.8874563,64
生活健康,2024-09-08,2024-07-04,6007.0,832.0,478.75754739999996,45
历史传记,2024-09-09,2024-07-05,5206.0,884.0,572.4793478999999,75
文学小说,2024-09-10,2024-07-06,1587.0,474.0,192.1034394,1
科技计算机,2024-09-10,2024-07-07,1290.0,442.0,333.6938146,1
历史传记,2024-09-11,2024-07-08,7046.0,213.0,96.61952578,147
艺术设计,2024-09-12,2024-07-09,8859.0,485.0,267.768144,62
生活健康,2024-09-13,2024-07-11,7233.0,156.0,164.0612039,76
生活健康,2024-09-13,2024-07-12,7639.0,1961.0,215.79210640000002,26
艺术设计,2024-09-14,2024-07-13,5146.0,1515.0,483.98570329999995,104
历史传记,2024-09-15,2024-07-14,6168.0,1035.0,483.9055373,141
经济管理,2024-09-15,2024-07-15,2323.0,571.0,425.65835080000005,85
文学小说,2024-09-16,2024-07-16,6170.0,1231.0,82.947192,58
少儿绘本,2024-09-17,2024-07-18,1411.0,686.0,177.57479650000002,129
历史传记,2024-09-18,2024-07-19,9649.0,1301.0,564.1845354,176
少儿绘本,2024-09-18,2024-07-20,1448.0,1290.0,276.99042910000003,124
生活健康,2024-09-19,2024-07-21,8319.0,1404.0,376.8884034,178
艺术设计,2024-09-20,2024-07-22,580.0,1004.0,20.80234246,107
少儿绘本,2024-09-21,2024-07-23,5959.0,809.0,315.6318284,17
生活健康,2024-09-21,2024-07-25,6047.0,1696.0,416.59429339999997,89
生活健康,2024-09-22,2024-07-26,4663.0,464.0,44.74025187,107
艺术设计,2024-09-23,2024-07-27,1397.0,637.0,78.0178745,111
少儿绘本,2024-09-23,2024-07-28,3094.0,202.0,,115
艺术设计,2024-09-24,2024-07-29,4024.0,472.0,567.2306702999999,165
历史传记,2024-09-25,2024-07-30,3473.0,105.0,156.79082219999998,128
艺术设计,2024-09-26,2024-07-31,8315.0,1534.0,22.74557686,154
历史传记,2024-09-26,2024-08-02,3135.0,1231.0,487.47429869999996,76
历史传记,2024-09-27,2024-08-03,2152.0,308.0,511.0565425,168
少儿绘本,2024-09-28,2024-08-04,4097.0,592.0,326.65034560000004,13
艺术设计,2024-09-29,2024-08-05,5518.0,1201.0,536.8978591,84
历史传记,2024-09-29,2024-08-06,,1286.0,115.630104,175
历史传记,2024-09-30,2024-08-07,,1119.0,172.05448769999998,41
艺术设计,2024-10-01,2024-08-09,5617.0,724.0,22.06534359,177
艺术设计,2024-10-02,2024-08-10,1863.0,937.0,354.2250462,121
生活健康,2024-10-02,2024-08-11,3591.0,1678.0,533.5593616,110
经济管理,2024-10-03,2024-08-12,1882.0,190.0,367.7767428,157
艺术设计,2024-10-04,2024-08-13,8048.0,1871.0,57.36863401,63
历史传记,2024-10-04,2024-08-14,4427.0,503.0,419.0018909,32
艺术设计,2024-10-05,2024-08-16,2493.0,1212.0,408.8049616,161
文学小说,2024-10-06,2024-08-17,5573.0,1852.0,108.379084,134
生活健康,2024-10-07,2024-08-18,4747.0,1653.0,499.1007316000001,79
文学小说,2024-10-07,2024-08-19,910.0,291.0,548.3103137,132
生活健康,2024-10-08,2024-08-20,670.0,1479.0,241.1024606,95
科技计算机,2024-10-09,2024-08-21,2708.0,1427.0,192.1708289,51
经济管理,2024-10-10,2024-08-23,7414.0,1551.0,349.05751360000005,143
少儿绘本,2024-10-10,2024-08-24,8175.0,1142.0,583.7851432,47
文学小说,2024-10-11,2024-08-25,391.0,336.0,437.7282403,84
科技计算机,2024-10-12,2024-08-26,477.0,1677.0,476.13690589999993,97
生活健康,2024-10-13,2024-08-27,1999.0,464.0,463.46424850000005,146
经济管理,2024-10-13,2024-08-28,8911.0,1416.0,574.6264348,39
经济管理,2024-10-14,2024-08-30,1506.0,1588.0,491.5533978,74
艺术设计,2024-10-15,2024-08-31,442.0,212.0,168.3054005,131
生活健康,2024-10-15,2024-09-01,9121.0,390.0,146.4676207,25
历史传记,2024-10-16,2024-09-02,2060.0,1645.0,152.8334804,181
文学小说,2024-10-17,2024-09-03,560.0,902.0,135.6315954,48
文学小说,2024-10-18,2024-09-04,2367.0,571.0,132.8754108,123
经济管理,2024-10-18,2024-09-05,1685.0,1324.0,561.3564028,15
生活健康,2024-10-19,2024-09-07,8308.0,509.0,571.4808417,4
艺术设计,2024-10-20,2024-09-08,831.0,716.0,63.01409859,155
生活健康,2024-10-21,2024-09-09,7017.0,918.0,47.80386627,100
艺术设计,2024-10-21,2024-09-10,9631.0,,515.6478890999999,139
生活健康,2024-10-22,2024-09-11,9078.0,904.0,342.60769910000005,108
艺术设计,2024-10-23,2024-09-12,2362.0,1671.0,134.824128,153
科技计算机,2024-10-23,2024-09-14,1675.0,1544.0,282.47184469999996,128
历史传记,2024-10-24,2024-09-15,5008.0,648.0,53.51031642,186
历史传记,2024-10-25,2024-09-16,5371.0,1984.0,589.5078432,158
艺术设计,2024-10-26,2024-09-17,6905.0,715.0,92.57134487,35
生活健康,2024-10-26,2024-09-18,3896.0,1063.0,485.8664677,13
少儿绘本,2024-10-27,2024-09-19,4529.0,461.0,575.3260928999999,117
经济管理,2024-10-28,2024-09-21,7164.0,446.0,429.49655650000005,172
生活健康,2024-10-29,2024-09-22,8436.0,148.0,62.24507485,25
科技计算机,2024-10-29,2024-09-23,2270.0,1558.0,358.0911384,6
经济管理,2024-10-30,2024-09-24,3286.0,605.0,86.23773495,96
艺术设计,2024-10-31,2024-09-25,9169.0,87.0,521.5005193,74
历史传记,2024-11-01,2024-09-26,1030.0,821.0,406.9675502,99
生活健康,2024-11-01,2024-09-28,5428.0,255.0,565.8131279,179
生活健康,2024-11-02,2024-09-29,6811.0,352.0,96.07265558,148
文学小说,2024-11-03,2024-09-30,5503.0,569.0,277.6737712,144
少儿绘本,2024-11-03,2024-10-01,8997.0,1683.0,330.70224310000003,184
历史传记,2024-11-04,2024-10-02,3236.0,1593.0,73.91943775,199
少儿绘本,2024-11-05,2024-10-03,2019.0,1066.0,409.3743582,195
文学小说,2024-11-06,2024-10-04,5862.0,1802.0,344.1970128,168
文学小说,2024-11-06,2024-10-06,8734.0,396.0,215.3448147,182
生活健康,2024-11-07,2024-10-07,,636.0,253.6212557,160
生活健康,2024-11-08,2024-10-08,3193.0,1900.0,479.7750614,124
艺术设计,2024-11-09,2024-10-09,199.0,1132.0,220.2838015,110
生活健康,2024-11-09,2024-10-10,8010.0,578.0,583.8535555999999,168
艺术设计,2024-11-10,2024-10-11,1903.0,427.0,551.7289337999999,132
历史传记,2024-11-11,2024-10-13,5772.0,463.0,56.07080891,103
科技计算机,2024-11-11,2024-10-14,1181.0,868.0,512.9259276,15
少儿绘本,2024-11-12,2024-10-15,2210.0,1559.0,407.5295713,45
经济管理,2024-11-13,2024-10-16,9642.0,1642.0,42.63850322,197
经济管理,2024-11-14,2024-10-17,8382.0,1449.0,,94
艺术设计,2024-11-14,2024-10-18,3700.0,187.0,501.7573183999999,108
文学小说,2024-11-15,2024-10-20,6143.0,1875.0,501.28353830000003,4
生活健康,2024-11-16,2024-10-21,8980.0,171.0,550.2305453,175
经济管理,2024-11-17,2024-10-22,4288.0,704.0,553.4397376000001,31
少儿绘本,2024-11-17,2024-10-23,9854.0,,139.2569236,179
经济管理,2024-11-18,2024-10-24,692.0,1927.0,563.0439396,151
生活健康,2024-11-19,2024-10-25,8928.0,1585.0,,111
生活健康,2024-11-20,2024-10-27,7305.0,458.0,530.0450602,29
文学小说,2024-11-20,2024-10-28,1459.0,1215.0,279.46038819999995,63
经济管理,2024-11-21,2024-10-29,2028.0,1738.0,500.38897149999997,171
历史传记,2024-11-22,2024-10-30,3692.0,1950.0,171.09436609999997,122
文学小说,2024-11-22,2024-10-31,1429.0,230.0,455.36920080000004,178
生活健康,2024-11-23,2024-11-01,3626.0,1346.0,484.77294450000005,24
少儿绘本,2024-11-24,2024-11-02,8015.0,412.0,57.75304923,138
历史传记,2024-11-25,2024-11-04,9224.0,1395.0,549.5045318,112
少儿绘本,2024-11-25,2024-11-05,9046.0,1422.0,492.17785250000003,111
文学小说,2024-11-26,2024-11-06,8799.0,1158.0,361.32259760000005,158
经济管理,2024-11-27,2024-11-07,4329.0,1377.0,427.678346,167
少儿绘本,2024-11-28,2024-11-08,2312.0,1971.0,214.0339671,188
生活健康,2024-11-28,2024-11-09,9441.0,174.0,287.63061400000004,85
艺术设计,2024-11-29,2024-11-11,2954.0,496.0,96.94407204,126
生活健康,2024-11-30,2024-11-12,1544.0,1381.0,304.94529869999997,57
少儿绘本,2024-12-01,2024-11-13,5421.0,913.0,471.8645942,1
科技计算机,2024-12-01,2024-11-14,8134.0,1145.0,339.4538869,74
生活健康,2024-12-02,2024-11-15,8826.0,405.0,88.75579363,29
文学小说,2024-12-03,2024-11-16,1367.0,1510.0,499.43567520000005,159
艺术设计,2024-12-03,2024-11-18,1962.0,524.0,445.4121928,103
艺术设计,2024-12-04,2024-11-19,3544.0,1069.0,32.03943546,43
文学小说,2024-12-05,2024-11-20,9506.0,332.0,484.8801919,178
文学小说,2024-12-06,2024-11-21,1701.0,1130.0,520.4942463000001,22
少儿绘本,2024-12-06,2024-11-22,2441.0,667.0,312.3039424,123
历史传记,2024-12-07,2024-11-23,2050.0,968.0,233.37034930000002,153
文学小说,2024-12-08,2024-11-25,3841.0,1262.0,59.25266417,153
经济管理,2024-12-09,2024-11-26,6419.0,1341.0,498.68282719999996,192
历史传记,2024-12-09,2024-11-27,799.0,1399.0,12.158729800000001,25
艺术设计,2024-12-10,2024-11-28,6324.0,1244.0,212.6571506,99
少儿绘本,2024-12-11,2024-11-29,,201.0,203.36377190000002,50
文学小说,2024-12-11,2024-11-30,2051.0,1174.0,548.0872737999999,110
科技计算机,2024-12-12,2024-12-01,1211.0,618.0,275.08173,163
文学小说,2024-12-13,2024-12-03,2547.0,1098.0,534.3079477,175
科技计算机,2024-12-14,2024-12-04,209.0,1861.0,62.68418848,172
历史传记,2024-12-14,2024-12-05,1042.0,1248.0,509.18650230000003,81
生活健康,2024-12-15,2024-12-06,1617.0,1758.0,371.3032292,182
少儿绘本,2024-12-16,2024-12-07,3828.0,790.0,327.37225839999996,73
艺术设计,2024-12-17,2024-12-08,8064.0,1207.0,190.5139395,11
历史传记,2024-12-17,2024-12-10,7836.0,936.0,299.31787349999996,103
生活健康,2024-12-18,2024-12-11,7274.0,1798.0,171.338144,12
文学小说,2024-12-19,2024-12-12,9974.0,1488.0,278.9325945,24
文学小说,2024-12-20,2024-12-13,4409.0,1682.0,463.6019957,155
历史传记,2024-12-20,2024-12-14,8808.0,161.0,379.0393836,22
科技计算机,2024-12-21,2024-12-15,2324.0,1282.0,411.51532339999994,134
历史传记,2024-12-22,2024-12-17,1887.0,,536.4078887000001,69
艺术设计,2024-12-22,2024-12-18,4663.0,466.0,41.23421515,96
科技计算机,2024-12-23,2024-12-19,3036.0,674.0,127.3763922,61
少儿绘本,2024-12-24,2024-12-20,5139.0,371.0,437.2744249,57
科技计算机,2024-12-25,2024-12-21,4680.0,1190.0,250.8590691,179
文学小说,2024-12-25,2024-12-22,8799.0,537.0,393.6258153,137
文学小说,2024-12-26,2024-12-24,2165.0,1459.0,539.6814161,31
科技计算机,2024-12-27,2024-12-25,3800.0,1502.0,444.2420217,125
生活健康,2024-12-28,2024-12-26,8592.0,1983.0,560.5391916,165
文学小说,2024-12-28,2024-12-27,3734.0,820.0,99.64554684,83
生活健康,2024-12-29,2024-12-28,6741.0,1291.0,456.4112852,152
少儿绘本,2024-12-30,2024-12-29,3586.0,777.0,424.5499365,140
历史传记,2024-12-31,2024-12-31,805.0,1454.0,14.45611556,105
